{"cameraMode":{"drawMode":0,"name":"Shaded","section":"Shading Mode"},"sceneLighting":false,"audioPlay":false,"sceneViewState":{"showFog":true,"showMaterialUpdate":false,"showSkybox":false,"showFlares":true,"showImageEffects":true,"showParticleSystems":true,"showVisualEffectGraphs":true,"m_FxEnabled":true},"in2DMode":false,"pivot":{"x":1.7881394143159924e-8,"y":0.20204831659793855,"z":0.004323470871895552},"rotation":{"x":0.17617066204547883,"y":0.2988607883453369,"z":-0.05623887479305267,"w":0.9362069368362427},"size":0.5734223127365112,"orthographic":false}