{"cameraMode":{"drawMode":0,"name":"Shaded","section":"Shading Mode"},"sceneLighting":true,"audioPlay":false,"sceneViewState":{"showFog":true,"showMaterialUpdate":false,"showSkybox":false,"showFlares":true,"showImageEffects":true,"showParticleSystems":true},"in2DMode":false,"pivot":{"x":20.10099983215332,"y":1.9900000095367432,"z":-23.469999313354493},"rotation":{"x":-0.3293898105621338,"y":-0.041910942643880847,"z":0.014635726809501648,"w":-0.9431545734405518},"size":1.1667261123657227,"orthographic":false}