{"cameraMode":{"drawMode":0,"name":"Shaded","section":"Shading Mode"},"sceneLighting":true,"audioPlay":false,"sceneViewState":{"showFog":true,"showMaterialUpdate":false,"showSkybox":true,"showFlares":true,"showImageEffects":true,"showParticleSystems":true},"in2DMode":false,"pivot":{"x":-0.2826719284057617,"y":-0.9225993156433106,"z":-1.2760238647460938},"rotation":{"x":0.21398507058620454,"y":-0.4720320701599121,"z":0.11927349865436554,"w":0.8468596935272217},"size":10.858319282531739,"orthographic":false}