{"cameraMode":{"drawMode":0,"name":"Shaded","section":"Shading Mode"},"sceneLighting":true,"audioPlay":false,"sceneViewState":{"showFog":true,"showMaterialUpdate":false,"showSkybox":true,"showFlares":true,"showImageEffects":true,"showParticleSystems":true},"in2DMode":false,"pivot":{"x":5.719002723693848,"y":-14.737016677856446,"z":-0.3296465575695038},"rotation":{"x":-0.42291751503944399,"y":-0.54383385181427,"z":0.36849549412727358,"w":-0.6242110133171082},"size":9.529537200927735,"orthographic":false}