{"cameraMode":{"drawMode":0,"name":"Shaded","section":"Shading Mode"},"sceneLighting":false,"audioPlay":false,"sceneViewState":{"showFog":true,"showMaterialUpdate":false,"showSkybox":false,"showFlares":true,"showImageEffects":true,"showParticleSystems":true,"showVisualEffectGraphs":true,"m_FxEnabled":true},"in2DMode":false,"pivot":{"x":0.4063801169395447,"y":-0.049497127532958987,"z":-0.03959530591964722},"rotation":{"x":0.0463787205517292,"y":0.9304496645927429,"z":-0.34069550037384035,"w":0.12666000425815583},"size":0.6304415464401245,"orthographic":false}