{"cameraMode":{"drawMode":0,"name":"Shaded","section":"Shading Mode"},"sceneLighting":false,"audioPlay":false,"sceneViewState":{"showFog":true,"showMaterialUpdate":false,"showSkybox":false,"showFlares":true,"showImageEffects":true,"showParticleSystems":true,"showVisualEffectGraphs":true,"m_FxEnabled":true},"in2DMode":false,"pivot":{"x":0.218001589179039,"y":-0.1416867971420288,"z":0.38196292519569399},"rotation":{"x":0.18227912485599519,"y":0.16577987372875215,"z":-0.031195610761642457,"w":0.9686679244041443},"size":0.34792017936706545,"orthographic":false}